Period;Hour;Sale
2024/11/01;1;80,54
2024/11/01;2;67,87
2024/11/01;3;69,31
2024/11/01;4;60,23
2024/11/01;5;44,96
2024/11/01;6;34,11
2024/11/01;7;42,14
2024/11/01;8;99,2
2024/11/01;9;69,97
2024/11/01;10;15,3
2024/11/01;11;6,82
2024/11/01;12;51,09
2024/11/01;13;51,95
2024/11/01;14;8,28
2024/11/01;15;66,01
2024/11/01;16;1,03
2024/11/01;17;59,9
2024/11/01;18;92,27
2024/11/01;19;78,28
2024/11/01;20;47,01
2024/11/01;21;77,65
2024/11/01;22;8,8
2024/11/01;23;71,8
2024/11/01;24;89,21
2024/11/02;1;77,66
2024/11/02;2;6,95
2024/11/02;3;25,94
2024/11/02;4;45,48
2024/11/02;5;53,74
2024/11/02;6;6,54
2024/11/02;7;94,11
2024/11/02;8;66,45
2024/11/02;9;61,83
2024/11/02;10;98,7
2024/11/02;11;44,46
2024/11/02;12;66,96
2024/11/02;13;86,89
2024/11/02;14;6,94
2024/11/02;15;75,53
2024/11/02;16;66,28
2024/11/02;17;14,45
2024/11/02;18;94,72
2024/11/02;19;9,27
2024/11/02;20;29,14
2024/11/02;21;81,93
2024/11/02;22;12,7
2024/11/02;23;88,99
2024/11/02;24;51,73
2024/11/03;1;58,26
2024/11/03;2;35,63
2024/11/03;3;81,77
2024/11/03;4;11,41
2024/11/03;5;55,67
2024/11/03;6;53,01
2024/11/03;7;73,56
2024/11/03;8;35,42
2024/11/03;9;65,93
2024/11/03;10;66,76
2024/11/03;11;16,07
2024/11/03;12;37,79
2024/11/03;13;36,92
2024/11/03;14;13,44
2024/11/03;15;94,55
2024/11/03;16;58,87
2024/11/03;17;52,77
2024/11/03;18;17,32
2024/11/03;19;72,62
2024/11/03;20;36,9
2024/11/03;21;62,63
2024/11/03;22;81,12
2024/11/03;23;10,43
2024/11/03;24;2,82
2024/11/04;1;12,32
2024/11/04;2;35,15
2024/11/04;3;18,7
2024/11/04;4;74,93
2024/11/04;5;18,28
2024/11/04;6;42,79
2024/11/04;7;34,73
2024/11/04;8;56,15
2024/11/04;9;25,16
2024/11/04;10;92,78
2024/11/04;11;65,86
2024/11/04;12;51,15
2024/11/04;13;63,85
2024/11/04;14;53,62
2024/11/04;15;29,71
2024/11/04;16;48,97
2024/11/04;17;89,69
2024/11/04;18;31,82
2024/11/04;19;57,45
2024/11/04;20;70,87
2024/11/04;21;92,79
2024/11/04;22;30,65
2024/11/04;23;77,4
2024/11/04;24;82,01
2024/11/05;1;34,3
2024/11/05;2;24,9
2024/11/05;3;14,69
2024/11/05;4;76,21
2024/11/05;5;52,63
2024/11/05;6;95,15
2024/11/05;7;28,93
2024/11/05;8;69,41
2024/11/05;9;35,3
2024/11/05;10;98,27
2024/11/05;11;53,14
2024/11/05;12;57,89
2024/11/05;13;91,46
2024/11/05;14;55,67
2024/11/05;15;54,07
2024/11/05;16;57,39
2024/11/05;17;98,1
2024/11/05;18;45,1
2024/11/05;19;5,5
2024/11/05;20;48,18
2024/11/05;21;67,92
2024/11/05;22;62,76
2024/11/05;23;65,05
2024/11/05;24;46,81
2024/11/06;1;57,21
2024/11/06;2;65,21
2024/11/06;3;76,85
2024/11/06;4;66,76
2024/11/06;5;60,29
2024/11/06;6;47,3
2024/11/06;7;61,77
2024/11/06;8;41,65
2024/11/06;9;76,91
2024/11/06;10;54,06
2024/11/06;11;39,19
2024/11/06;12;27,65
2024/11/06;13;36,41
2024/11/06;14;14,77
2024/11/06;15;93,85
2024/11/06;16;28,7
2024/11/06;17;99,17
2024/11/06;18;94,04
2024/11/06;19;56,96
2024/11/06;20;71,64
2024/11/06;21;90,65
2024/11/06;22;14,11
2024/11/06;23;51,49
2024/11/06;24;24,47
2024/11/07;1;56,19
2024/11/07;2;30,88
2024/11/07;3;21,39
2024/11/07;4;74,93
2024/11/07;5;96,28
2024/11/07;6;55,48
2024/11/07;7;48,77
2024/11/07;8;64,11
2024/11/07;9;2,04
2024/11/07;10;2,05
2024/11/07;11;40,92
2024/11/07;12;12,75
2024/11/07;13;48,92
2024/11/07;14;42,27
2024/11/07;15;32,23
2024/11/07;16;64,24
2024/11/07;17;55,86
2024/11/07;18;38,44
2024/11/07;19;80,39
2024/11/07;20;39,87
2024/11/07;21;43,26
2024/11/07;22;41,64
2024/11/07;23;2,48
2024/11/07;24;63,33
2024/11/08;1;57,39
2024/11/08;2;6,39
2024/11/08;3;9,85
2024/11/08;4;31,72
2024/11/08;5;63,24
2024/11/08;6;64,49
2024/11/08;7;23,57
2024/11/08;8;5,87
2024/11/08;9;32,31
2024/11/08;10;65,16
2024/11/08;11;66,48
2024/11/08;12;79,58
2024/11/08;13;43,31
2024/11/08;14;20,02
2024/11/08;15;53,29
2024/11/08;16;4,91
2024/11/08;17;73,52
2024/11/08;18;31,1
2024/11/08;19;73,19
2024/11/08;20;36,2
2024/11/08;21;29,05
2024/11/08;22;93,73
2024/11/08;23;78,25
2024/11/08;24;89,34
2024/11/09;1;8,51
2024/11/09;2;24,18
2024/11/09;3;64,42
2024/11/09;4;1,76
2024/11/09;5;73,68
2024/11/09;6;22,39
2024/11/09;7;48,82
2024/11/09;8;9,36
2024/11/09;9;58,71
2024/11/09;10;82,57
2024/11/09;11;83,91
2024/11/09;12;13,99
2024/11/09;13;67,61
2024/11/09;14;36,81
2024/11/09;15;94,92
2024/11/09;16;52,19
2024/11/09;17;53,15
2024/11/09;18;17,02
2024/11/09;19;99,91
2024/11/09;20;97,5
2024/11/09;21;1,77
2024/11/09;22;36,68
2024/11/09;23;70,19
2024/11/09;24;95,18
2024/11/10;1;6,44
2024/11/10;2;41,09
2024/11/10;3;75,06
2024/11/10;4;50,55
2024/11/10;5;41,42
2024/11/10;6;95,39
2024/11/10;7;47,41
2024/11/10;8;55,37
2024/11/10;9;57,23
2024/11/10;10;35,75
2024/11/10;11;38,2
2024/11/10;12;60,1
2024/11/10;13;94,03
2024/11/10;14;77,29
2024/11/10;15;22,52
2024/11/10;16;10,08
2024/11/10;17;36,89
2024/11/10;18;21,33
2024/11/10;19;68,16
2024/11/10;20;19,24
2024/11/10;21;83,35
2024/11/10;22;63,32
2024/11/10;23;10,25
2024/11/10;24;49,91
2024/11/11;1;57,76
2024/11/11;2;4,83
2024/11/11;3;25,24
2024/11/11;4;45,9
2024/11/11;5;5,41
2024/11/11;6;55,42
2024/11/11;7;41,62
2024/11/11;8;13,08
2024/11/11;9;84,48
2024/11/11;10;97,66
2024/11/11;11;28,15
2024/11/11;12;74,46
2024/11/11;13;54,74
2024/11/11;14;3,33
2024/11/11;15;59,44
2024/11/11;16;12,34
2024/11/11;17;0,94
2024/11/11;18;91,59
2024/11/11;19;55,51
2024/11/11;20;15
2024/11/11;21;25,77
2024/11/11;22;41,98
2024/11/11;23;42,62
2024/11/11;24;61,2
2024/11/12;1;55
2024/11/12;2;56,53
2024/11/12;3;33,67
2024/11/12;4;89,49
2024/11/12;5;72,55
2024/11/12;6;29,34
2024/11/12;7;47,02
2024/11/12;8;99,61
2024/11/12;9;38,8
2024/11/12;10;38,36
2024/11/12;11;45,4
2024/11/12;12;78
2024/11/12;13;2,61
2024/11/12;14;69,7
2024/11/12;15;32,03
2024/11/12;16;43,55
2024/11/12;17;95,63
2024/11/12;18;90,12
2024/11/12;19;33,68
2024/11/12;20;9,37
2024/11/12;21;60,62
2024/11/12;22;82,74
2024/11/12;23;99,19
2024/11/12;24;12,75
2024/11/13;1;32,36
2024/11/13;2;79,97
2024/11/13;3;62,25
2024/11/13;4;87,47
2024/11/13;5;77,45
2024/11/13;6;6,14
2024/11/13;7;28,6
2024/11/13;8;71,61
2024/11/13;9;62,24
2024/11/13;10;85,77
2024/11/13;11;4,72
2024/11/13;12;93,86
2024/11/13;13;32,75
2024/11/13;14;30,71
2024/11/13;15;15,57
2024/11/13;16;18,02
2024/11/13;17;94,65
2024/11/13;18;14,39
2024/11/13;19;49,37
2024/11/13;20;67,01
2024/11/13;21;42,37
2024/11/13;22;61,54
2024/11/13;23;33,93
2024/11/13;24;51,59
2024/11/14;1;77,31
2024/11/14;2;32,21
2024/11/14;3;92,78
2024/11/14;4;15,94
2024/11/14;5;15,3
2024/11/14;6;39,32
2024/11/14;7;14,1
2024/11/14;8;38,14
2024/11/14;9;3,78
2024/11/14;10;67,08
2024/11/14;11;40,6
2024/11/14;12;17,82
2024/11/14;13;26,6
2024/11/14;14;75,22
2024/11/14;15;28,02
2024/11/14;16;20,17
2024/11/14;17;1,31
2024/11/14;18;29,75
2024/11/14;19;35,66
2024/11/14;20;18,83
2024/11/14;21;79,63
2024/11/14;22;32,06
2024/11/14;23;15,96
2024/11/14;24;63,08
2024/11/15;1;21,32
2024/11/15;2;4,48
2024/11/15;3;45,44
2024/11/15;4;66,19
2024/11/15;5;12,7
2024/11/15;6;85,3
2024/11/15;7;80,02
2024/11/15;8;72,62
2024/11/15;9;62,27
2024/11/15;10;92,18
2024/11/15;11;10,61
2024/11/15;12;21,34
2024/11/15;13;3,77
2024/11/15;14;69,09
2024/11/15;15;49,94
2024/11/15;16;4,52
2024/11/15;17;14,15
2024/11/15;18;7,26
2024/11/15;19;67,14
2024/11/15;20;1,81
2024/11/15;21;58,88
2024/11/15;22;60,28
2024/11/15;23;16,95
2024/11/15;24;51,33
2024/11/16;1;82,23
2024/11/16;2;68,66
2024/11/16;3;34,34
2024/11/16;4;74,86
2024/11/16;5;27,22
2024/11/16;6;0,69
2024/11/16;7;54,95
2024/11/16;8;48,31
2024/11/16;9;86,42
2024/11/16;10;55,69
2024/11/16;11;25,16
2024/11/16;12;29,15
2024/11/16;13;2,38
2024/11/16;14;1,1
2024/11/16;15;17,49
2024/11/16;16;34,2
2024/11/16;17;36,39
2024/11/16;18;22,51
2024/11/16;19;74,9
2024/11/16;20;3,45
2024/11/16;21;3,91
2024/11/16;22;41,23
2024/11/16;23;52,95
2024/11/16;24;49,29
2024/11/17;1;61,41
2024/11/17;2;1,79
2024/11/17;3;36,59
2024/11/17;4;87,13
2024/11/17;5;64,88
2024/11/17;6;63,68
2024/11/17;7;36,51
2024/11/17;8;76,37
2024/11/17;9;59,88
2024/11/17;10;30,41
2024/11/17;11;19,06
2024/11/17;12;5,08
2024/11/17;13;31,48
2024/11/17;14;65,6
2024/11/17;15;39,1
2024/11/17;16;37,93
2024/11/17;17;36,61
2024/11/17;18;3,18
2024/11/17;19;69,24
2024/11/17;20;56,56
2024/11/17;21;16,68
2024/11/17;22;4,38
2024/11/17;23;75,05
2024/11/17;24;86,28
2024/11/18;1;87,06
2024/11/18;2;43
2024/11/18;3;33,43
2024/11/18;4;92,07
2024/11/18;5;8,21
2024/11/18;6;62,41
2024/11/18;7;21,72
2024/11/18;8;85,48
2024/11/18;9;97,6
2024/11/18;10;67,2
2024/11/18;11;67,8
2024/11/18;12;49,64
2024/11/18;13;76,32
2024/11/18;14;58,3
2024/11/18;15;19,02
2024/11/18;16;96,56
2024/11/18;17;89,33
2024/11/18;18;30,98
2024/11/18;19;95,14
2024/11/18;20;16,36
2024/11/18;21;29,62
2024/11/18;22;50,19
2024/11/18;23;70,72
2024/11/18;24;13,52
2024/11/19;1;38,81
2024/11/19;2;65,62
2024/11/19;3;54,34
2024/11/19;4;72,5
2024/11/19;5;89,58
2024/11/19;6;67,68
2024/11/19;7;35,93
2024/11/19;8;99,39
2024/11/19;9;56,77
2024/11/19;10;98,57
2024/11/19;11;91,39
2024/11/19;12;61,5
2024/11/19;13;90,49
2024/11/19;14;55,09
2024/11/19;15;88,84
2024/11/19;16;92,73
2024/11/19;17;9,71
2024/11/19;18;88,2
2024/11/19;19;25,21
2024/11/19;20;69,55
2024/11/19;21;67,43
2024/11/19;22;72,83
2024/11/19;23;22,49
2024/11/19;24;74,53
2024/11/20;1;61,69
2024/11/20;2;19,72
2024/11/20;3;15,57
2024/11/20;4;64,13
2024/11/20;5;28,77
2024/11/20;6;81,58
2024/11/20;7;5,01
2024/11/20;8;33,29
2024/11/20;9;45,27
2024/11/20;10;32,07
2024/11/20;11;10,96
2024/11/20;12;28,48
2024/11/20;13;70,71
2024/11/20;14;24,56
2024/11/20;15;3,41
2024/11/20;16;53,96
2024/11/20;17;51,82
2024/11/20;18;82,85
2024/11/20;19;72,38
2024/11/20;20;32,47
2024/11/20;21;46,93
2024/11/20;22;76,97
2024/11/20;23;53,28
2024/11/20;24;0,97
2024/11/21;1;1,5
2024/11/21;2;43,39
2024/11/21;3;32,65
2024/11/21;4;12,58
2024/11/21;5;90,5
2024/11/21;6;49,42
2024/11/21;7;22,38
2024/11/21;8;9,7
2024/11/21;9;17,87
2024/11/21;10;36,99
2024/11/21;11;67,87
2024/11/21;12;52,48
2024/11/21;13;18,42
2024/11/21;14;30,36
2024/11/21;15;16,87
2024/11/21;16;51,81
2024/11/21;17;72,45
2024/11/21;18;58,72
2024/11/21;19;48,6
2024/11/21;20;48,99
2024/11/21;21;74,21
2024/11/21;22;47,37
2024/11/21;23;88,06
2024/11/21;24;55,57
2024/11/22;1;36,44
2024/11/22;2;32,33
2024/11/22;3;88,95
2024/11/22;4;56,39
2024/11/22;5;51,11
2024/11/22;6;15,17
2024/11/22;7;66,46
2024/11/22;8;0,73
2024/11/22;9;38,45
2024/11/22;10;38,6
2024/11/22;11;62,51
2024/11/22;12;16,69
2024/11/22;13;38,33
2024/11/22;14;42,86
2024/11/22;15;88,44
2024/11/22;16;84,66
2024/11/22;17;56,62
2024/11/22;18;91,28
2024/11/22;19;99,73
2024/11/22;20;36,09
2024/11/22;21;35,96
2024/11/22;22;70,64
2024/11/22;23;85,47
2024/11/22;24;46,79
2024/11/23;1;27,01
2024/11/23;2;42,07
2024/11/23;3;33,86
2024/11/23;4;98,45
2024/11/23;5;11,68
2024/11/23;6;67,48
2024/11/23;7;60,82
2024/11/23;8;47,56
2024/11/23;9;55,84
2024/11/23;10;82,58
2024/11/23;11;20,48
2024/11/23;12;24,67
2024/11/23;13;48,97
2024/11/23;14;69,63
2024/11/23;15;65,4
2024/11/23;16;19,95
2024/11/23;17;4,4
2024/11/23;18;2,7
2024/11/23;19;24,94
2024/11/23;20;9,42
2024/11/23;21;10,47
2024/11/23;22;98,16
2024/11/23;23;63
2024/11/23;24;46,97
2024/11/24;1;40,49
2024/11/24;2;48,66
2024/11/24;3;50,56
2024/11/24;4;33,25
2024/11/24;5;70,39
2024/11/24;6;43,63
2024/11/24;7;63,02
2024/11/24;8;55,5
2024/11/24;9;32,18
2024/11/24;10;54,32
2024/11/24;11;85,99
2024/11/24;12;26,35
2024/11/24;13;40,42
2024/11/24;14;48,05
2024/11/24;15;78,66
2024/11/24;16;97,2
2024/11/24;17;93,28
2024/11/24;18;65,91
2024/11/24;19;66,45
2024/11/24;20;36,29
2024/11/24;21;22,9
2024/11/24;22;10,53
2024/11/24;23;34,68
2024/11/24;24;95,38
2024/11/25;1;6,24
2024/11/25;2;89,18
2024/11/25;3;32,5
2024/11/25;4;37,06
2024/11/25;5;6,21
2024/11/25;6;44,25
2024/11/25;7;2,52
2024/11/25;8;91,54
2024/11/25;9;0,94
2024/11/25;10;4,35
2024/11/25;11;60,12
2024/11/25;12;6,95
2024/11/25;13;61,66
2024/11/25;14;92,85
2024/11/25;15;61,84
2024/11/25;16;6,49
2024/11/25;17;10,6
2024/11/25;18;7,23
2024/11/25;19;48,71
2024/11/25;20;24,71
2024/11/25;21;42,05
2024/11/25;22;45,3
2024/11/25;23;88,02
2024/11/25;24;89,67
2024/11/26;1;89,41
2024/11/26;2;51,56
2024/11/26;3;83,41
2024/11/26;4;24,17
2024/11/26;5;10,68
2024/11/26;6;94,35
2024/11/26;7;5,51
2024/11/26;8;73,2
2024/11/26;9;16,02
2024/11/26;10;2,67
2024/11/26;11;94,61
2024/11/26;12;38
2024/11/26;13;49,92
2024/11/26;14;27,42
2024/11/26;15;29,05
2024/11/26;16;7,3
2024/11/26;17;61,01
2024/11/26;18;86,47
2024/11/26;19;23,98
2024/11/26;20;88,86
2024/11/26;21;27,67
2024/11/26;22;57,3
2024/11/26;23;10,04
2024/11/26;24;78,52
2024/11/27;1;55,26
2024/11/27;2;19,15
2024/11/27;3;66,89
2024/11/27;4;83,24
2024/11/27;5;29,66
2024/11/27;6;53,04
2024/11/27;7;98,3
2024/11/27;8;53,9
2024/11/27;9;91,01
2024/11/27;10;42,24
2024/11/27;11;36,35
2024/11/27;12;9,58
2024/11/27;13;35,66
2024/11/27;14;32,42
2024/11/27;15;15,53
2024/11/27;16;13,88
2024/11/27;17;97,36
2024/11/27;18;43,61
2024/11/27;19;93,62
2024/11/27;20;45,16
2024/11/27;21;14,09
2024/11/27;22;95,59
2024/11/27;23;11,69
2024/11/27;24;41,26
2024/11/28;1;97,19
2024/11/28;2;20,57
2024/11/28;3;32,09
2024/11/28;4;24,25
2024/11/28;5;29,49
2024/11/28;6;98,57
2024/11/28;7;47,25
2024/11/28;8;42,09
2024/11/28;9;11,95
2024/11/28;10;8,75
2024/11/28;11;66,01
2024/11/28;12;61,73
2024/11/28;13;93,63
2024/11/28;14;32,23
2024/11/28;15;76,24
2024/11/28;16;13,21
2024/11/28;17;66,02
2024/11/28;18;79,72
2024/11/28;19;74,77
2024/11/28;20;56,19
2024/11/28;21;43,21
2024/11/28;22;33,19
2024/11/28;23;81,79
2024/11/28;24;50,96
2024/11/29;1;16,45
2024/11/29;2;33,07
2024/11/29;3;88,19
2024/11/29;4;50,82
2024/11/29;5;6,87
2024/11/29;6;37,23
2024/11/29;7;74,91
2024/11/29;8;11,21
2024/11/29;9;79,11
2024/11/29;10;62,4
2024/11/29;11;32,9
2024/11/29;12;68,39
2024/11/29;13;53,97
2024/11/29;14;6,21
2024/11/29;15;5,22
2024/11/29;16;71,54
2024/11/29;17;91,15
2024/11/29;18;42,37
2024/11/29;19;96,39
2024/11/29;20;84,61
2024/11/29;21;90,62
2024/11/29;22;45,21
2024/11/29;23;40,27
2024/11/29;24;41,78
2024/11/30;1;65,31
2024/11/30;2;96,42
2024/11/30;3;35,52
2024/11/30;4;96,4
2024/11/30;5;4,04
2024/11/30;6;1,82
2024/11/30;7;17,78
2024/11/30;8;71,21
2024/11/30;9;79,61
2024/11/30;10;58,38
2024/11/30;11;74,89
2024/11/30;12;89,94
2024/11/30;13;84,21
2024/11/30;14;71,1
2024/11/30;15;41,71
2024/11/30;16;74,53
2024/11/30;17;65,04
2024/11/30;18;58,17
2024/11/30;19;40,74
2024/11/30;20;27,46
2024/11/30;21;65,74
2024/11/30;22;90,31
2024/11/30;23;66,6
2024/11/30;24;78,18
